{
    "fusion_type": "early",
    "pos_source": "gold",
    "pos_feature_type": "one_hot",
    "pos_feature_dim": 45,
    "best_validation": {
        "precision": 0.8660639544617446,
        "recall": 0.8705822955233928,
        "f1": 0.8683172471674361,
        "accuracy": 0.9759549861765507,
        "macro_precision": 0.8669891227395679,
        "macro_recall": 0.850368920997972,
        "macro_f1": 0.8574314703968962,
        "loss": 0.09111360016372512
    },
    "validation": {
        "precision": 0.8660639544617446,
        "recall": 0.8705822955233928,
        "f1": 0.8683172471674361,
        "accuracy": 0.9759549861765507,
        "macro_precision": 0.8669891227395679,
        "macro_recall": 0.850368920997972,
        "macro_f1": 0.8574314703968962,
        "loss": 0.09111360016372512
    },
    "test": {
        "precision": 0.8310152990264256,
        "recall": 0.8463172804532578,
        "f1": 0.8385964912280701,
        "accuracy": 0.9658231937116399,
        "macro_precision": 0.7997458066195005,
        "macro_recall": 0.8313715287473769,
        "macro_f1": 0.8146604767365092,
        "loss": 0.15403303968519644
    },
    "best_model_checkpoint": "outputs/ner_with_pos_early_fusion/gold_one_hot/best_checkpoint"
}