{
    "config": {
        "model_name": "/root/bert-base-cased",
        "dataset_name": "/root/nlp-case-study/artifacts/dataset/conll2003",
        "pos_source": "predicted",
        "pos_feature_type": "one_hot",
        "pos_feature_dim": 42,
        "run_seeds": [
            42,
            43,
            44
        ],
        "num_train_epochs": 3,
        "train_batch_size": 16,
        "eval_batch_size": 16,
        "learning_rate": 2e-05,
        "weight_decay": 0.01,
        "warmup_ratio": 0.1
    },
    "runs": [
        {
            "seed": 42,
            "best_validation": {
                "precision": 0.9464135729884092,
                "recall": 0.9481656008078089,
                "f1": 0.9472887767969735,
                "accuracy": 0.9887660137845099,
                "macro_precision": 0.9292670530701731,
                "macro_recall": 0.9322034198078359,
                "macro_f1": 0.9306931569267739,
                "loss": 0.047108396808029036
            },
            "final_validation": {
                "precision": 0.9464135729884092,
                "recall": 0.9481656008078089,
                "f1": 0.9472887767969735,
                "accuracy": 0.9887660137845099,
                "macro_precision": 0.9292670530701731,
                "macro_recall": 0.9322034198078359,
                "macro_f1": 0.9306931569267739,
                "loss": 0.047108396808029036
            },
            "test": {
                "precision": 0.9090909090909091,
                "recall": 0.9118271954674221,
                "f1": 0.9104569963758508,
                "accuracy": 0.9803596425110369,
                "macro_precision": 0.8611480060852679,
                "macro_recall": 0.8997632087703341,
                "macro_f1": 0.8790686721142639,
                "loss": 0.11844621303936476
            }
        },
        {
            "seed": 43,
            "best_validation": {
                "precision": 0.9454697986577181,
                "recall": 0.9483338943116796,
                "f1": 0.9468996807259284,
                "accuracy": 0.9887854834313305,
                "macro_precision": 0.9341095828251716,
                "macro_recall": 0.9330766860216821,
                "macro_f1": 0.9335704878949767,
                "loss": 0.04692352752874071
            },
            "final_validation": {
                "precision": 0.9454697986577181,
                "recall": 0.9483338943116796,
                "f1": 0.9468996807259284,
                "accuracy": 0.9887854834313305,
                "macro_precision": 0.9341095828251716,
                "macro_recall": 0.9330766860216821,
                "macro_f1": 0.9335704878949767,
                "loss": 0.04692352752874071
            },
            "test": {
                "precision": 0.9011066221675742,
                "recall": 0.90828611898017,
                "f1": 0.9046821267965788,
                "accuracy": 0.9796059007214386,
                "macro_precision": 0.8633479370042487,
                "macro_recall": 0.8945342450882985,
                "macro_f1": 0.8782618955173214,
                "loss": 0.11584247771544917
            }
        },
        {
            "seed": 44,
            "best_validation": {
                "precision": 0.9444630872483222,
                "recall": 0.9473241332884551,
                "f1": 0.9458914468156613,
                "accuracy": 0.9890191191931779,
                "macro_precision": 0.9331577452135827,
                "macro_recall": 0.9327792725855574,
                "macro_f1": 0.932956492379055,
                "loss": 0.044444767284456996
            },
            "final_validation": {
                "precision": 0.9444630872483222,
                "recall": 0.9473241332884551,
                "f1": 0.9458914468156613,
                "accuracy": 0.9890191191931779,
                "macro_precision": 0.9331577452135827,
                "macro_recall": 0.9327792725855574,
                "macro_f1": 0.932956492379055,
                "loss": 0.044444767284456996
            },
            "test": {
                "precision": 0.904728423272983,
                "recall": 0.9112960339943342,
                "f1": 0.9080003528270265,
                "accuracy": 0.9799720038763864,
                "macro_precision": 0.8627564513441742,
                "macro_recall": 0.9000522099941675,
                "macro_f1": 0.8801267801785109,
                "loss": 0.11609357139012125
            }
        }
    ],
    "validation_summary": {
        "precision": {
            "mean": 0.9454488196314831,
            "std": 0.000975412089953295
        },
        "recall": {
            "mean": 0.9479412094693145,
            "std": 0.0005409879255577711
        },
        "f1": {
            "mean": 0.9466933014461878,
            "std": 0.0007211636946617893
        },
        "accuracy": {
            "mean": 0.9888568721363394,
            "std": 0.0001408468933856158
        },
        "macro_precision": {
            "mean": 0.9321781270363091,
            "std": 0.0025655920246495127
        },
        "macro_recall": {
            "mean": 0.9326864594716918,
            "std": 0.0004439697913601615
        },
        "macro_f1": {
            "mean": 0.9324067124002685,
            "std": 0.001515404861398591
        },
        "loss": {
            "mean": 0.046158897207075576,
            "std": 0.0014873551043104816
        }
    },
    "test_summary": {
        "precision": {
            "mean": 0.9049753181771555,
            "std": 0.003997865335252521
        },
        "recall": {
            "mean": 0.9104697828139754,
            "std": 0.001909665921549018
        },
        "f1": {
            "mean": 0.9077131586664854,
            "std": 0.0028981269863114934
        },
        "accuracy": {
            "mean": 0.9799791823696206,
            "std": 0.00037692216626320835
        },
        "macro_precision": {
            "mean": 0.8624174648112303,
            "std": 0.0011384673531595034
        },
        "macro_recall": {
            "mean": 0.8981165546176001,
            "std": 0.003105734470240128
        },
        "macro_f1": {
            "mean": 0.8791524492700321,
            "std": 0.0009352607437268093
        },
        "loss": {
            "mean": 0.11679408738164505,
            "std": 0.0014362804043907616
        }
    },
    "best_seed": 42,
    "best_model_checkpoint": "nlp_case_study_outputs/ner_with_predicted_pos/predicted_one_hot/best_checkpoint"
}