{
    "config": {
        "model_name": "/root/bert-base-cased",
        "dataset_name": "/root/nlp-case-study/artifacts/dataset/conll2003",
        "pos_source": "gold",
        "pos_feature_type": "one_hot",
        "pos_feature_dim": 45,
        "run_seeds": [
            42,
            43,
            44
        ],
        "num_train_epochs": 3,
        "train_batch_size": 16,
        "eval_batch_size": 16,
        "learning_rate": 2e-05,
        "weight_decay": 0.01,
        "warmup_ratio": 0.1
    },
    "runs": [
        {
            "seed": 42,
            "best_validation": {
                "precision": 0.9457689724647415,
                "recall": 0.947997307303938,
                "f1": 0.9468818288788031,
                "accuracy": 0.9888244227249717,
                "macro_precision": 0.9313960170861111,
                "macro_recall": 0.9310204604938768,
                "macro_f1": 0.9311855790570842,
                "loss": 0.046012485167867614
            },
            "final_validation": {
                "precision": 0.9457689724647415,
                "recall": 0.947997307303938,
                "f1": 0.9468818288788031,
                "accuracy": 0.9888244227249717,
                "macro_precision": 0.9313960170861111,
                "macro_recall": 0.9310204604938768,
                "macro_f1": 0.9311855790570842,
                "loss": 0.046012485167867614
            },
            "test": {
                "precision": 0.9046781568765389,
                "recall": 0.9107648725212465,
                "f1": 0.9077113110993472,
                "accuracy": 0.9797781845590611,
                "macro_precision": 0.8607435782925981,
                "macro_recall": 0.8984126331656819,
                "macro_f1": 0.8783789695814528,
                "loss": 0.11927612518034207
            }
        },
        {
            "seed": 43,
            "best_validation": {
                "precision": 0.9456102064797717,
                "recall": 0.947997307303938,
                "f1": 0.9468022522901084,
                "accuracy": 0.9891554067209221,
                "macro_precision": 0.9325740449646196,
                "macro_recall": 0.937487655876566,
                "macro_f1": 0.9349880327298509,
                "loss": 0.045914191136641115
            },
            "final_validation": {
                "precision": 0.9456102064797717,
                "recall": 0.947997307303938,
                "f1": 0.9468022522901084,
                "accuracy": 0.9891554067209221,
                "macro_precision": 0.9325740449646196,
                "macro_recall": 0.937487655876566,
                "macro_f1": 0.9349880327298509,
                "loss": 0.045914191136641115
            },
            "test": {
                "precision": 0.9057434813248767,
                "recall": 0.9102337110481586,
                "f1": 0.9079830448604732,
                "accuracy": 0.9800366103154948,
                "macro_precision": 0.8589281122751731,
                "macro_recall": 0.8980569010291362,
                "macro_f1": 0.87702029799799,
                "loss": 0.11764611305517503
            }
        },
        {
            "seed": 44,
            "best_validation": {
                "precision": 0.9431303472571716,
                "recall": 0.9461460787613598,
                "f1": 0.9446358060993028,
                "accuracy": 0.9886491959035864,
                "macro_precision": 0.9316196619112465,
                "macro_recall": 0.9311543701712561,
                "macro_f1": 0.9312427301202778,
                "loss": 0.047787114405603945
            },
            "final_validation": {
                "precision": 0.9431303472571716,
                "recall": 0.9461460787613598,
                "f1": 0.9446358060993028,
                "accuracy": 0.9886491959035864,
                "macro_precision": 0.9316196619112465,
                "macro_recall": 0.9311543701712561,
                "macro_f1": 0.9312427301202778,
                "loss": 0.047787114405603945
            },
            "test": {
                "precision": 0.9035318924617818,
                "recall": 0.9104107648725213,
                "f1": 0.9069582855631009,
                "accuracy": 0.9798858619575751,
                "macro_precision": 0.8630399709108365,
                "macro_recall": 0.9010300227912574,
                "macro_f1": 0.8805697268892394,
                "loss": 0.11709899468486482
            }
        }
    ],
    "validation_summary": {
        "precision": {
            "mean": 0.9448365087338949,
            "std": 0.0014797100722732338
        },
        "recall": {
            "mean": 0.9473802311230787,
            "std": 0.0010688072973890669
        },
        "f1": {
            "mean": 0.9461066290894048,
            "std": 0.0012743913486549245
        },
        "accuracy": {
            "mean": 0.98887634178316,
            "std": 0.0002570681609015249
        },
        "macro_precision": {
            "mean": 0.931863241320659,
            "std": 0.0006256481576358691
        },
        "macro_recall": {
            "mean": 0.933220828847233,
            "std": 0.0036957871454007278
        },
        "macro_f1": {
            "mean": 0.9324721139690709,
            "std": 0.002179036936157639
        },
        "loss": {
            "mean": 0.04657126357003757,
            "std": 0.0010541040602826172
        }
    },
    "test_summary": {
        "precision": {
            "mean": 0.9046511768877324,
            "std": 0.0011060412581311606
        },
        "recall": {
            "mean": 0.9104697828139754,
            "std": 0.00027045418407436854
        },
        "f1": {
            "mean": 0.9075508805076403,
            "std": 0.0005308826475355001
        },
        "accuracy": {
            "mean": 0.9799002189440437,
            "std": 0.00012980970762016853
        },
        "macro_precision": {
            "mean": 0.8609038871595359,
            "std": 0.002060611452829998
        },
        "macro_recall": {
            "mean": 0.8991665189953585,
            "std": 0.0016236136043530128
        },
        "macro_f1": {
            "mean": 0.8786563314895607,
            "std": 0.00179089602840617
        },
        "loss": {
            "mean": 0.1180070776401273,
            "std": 0.0011325616417116498
        }
    },
    "best_seed": 42,
    "best_model_checkpoint": "nlp_case_study_outputs/ner_with_pos/gold_one_hot/best_checkpoint"
}